	OrganismName	GenName	GenID	Strand	TranslatedAminoAcids	GenBankAminoAcids
0	Loa loa	ND2	ADN52149.1	1.0	LLFFVFFLLLFLSFLNFCVLDCVVWWSVFVVCTFVFIFLSKGSSFSCLVNYYVIQEVCGYYFLVFDNWKLQFFLLMLKSGSAPFHFWLFSVLSGMKSWFILWFLTLQKLPYFFVLVNFCSDFFFLFLFFGIIFCYFQFFFLRGYVDMLVVGSTESFNWLLLLGMFSFNEVYLLFFFYYFVMVVVISYIYNNNLNFFSLEMLMVFFNVPMSITFFLKVLLFFGSFEFVGYYYFFILIVMPLMSLGVSYLFFLVSMLSYNYGLKYYDYFVYLLFCVGLLSVF	MLFFVFFLLLFLSFLNFCVLDCVVWWSVFVVCTFVFIFLSKGSSFSCLVNYYVIQEVCGYYFLVFDNWKLQFFLLMLKSGSAPFHFWLFSVLSGMKSWFILWFLTLQKLPYFFVLVNFCSDFFFLFLFFGIIFCYFQFFFLRGYVDMLVVGSTESFNWLLLLGMFSFNEVYLLFFFYYFVMVVVISYIYNNNLNFFSLEMLMVFFNVPMSITFFLKVLLFFGSFEFVGYYYFFILIVMPLMSLGVSYLFFLVSMLSYNYGLKYYDYFVYLLFCVGLLSVF
1	Loa loa	ND4	ADN52150.1	1.0	LYFWFFIVLLFFFNPFLFFIFFLIFVLSGFFDFSWCGSIFFFDSYNFIFLSFMSVFVLGFICVSELLSSLVFYSCLVVFFSVCFFYSGSLLLLYVFYELTMLPILFCLLGYGRQVEKISACYYLVFYTLFFGMPYLFLYSHVFYFFNLVYYDFFVSFEFIFLLSLCFLVKFPVYFLHVWLPKVHVEAPTSASMILAGVMLKLGGVGVYRISKSLNFFGIELLFFFFLISMVFCSFICMVQSDCKSLAAYSSICHMGFVLLSQVSMVYYGKSMALVMMLAHGYTSVLMFYFIGEFYHIASSRLVYYLRGYFNVSMLFCFGFCLTMISNFGFPGSISFFSEYLMLNLVSSVFFVSVFFLFVYYLVSFYYSIYIMVCFLVGSKVSYVVDSRVVICLPLVLMAYNFFWFVFVI	MYFWFFIVLLFFFNPFLFFIFFLIFVLSGFFDFSWCGSIFFFDSYNFIFLSFMSVFVLGFICVSELLSSLVFYSCLVVFFSVCFFYSGSLLLLYVFYELTMLPILFCLLGYGRQVEKISACYYLVFYTLFFGMPYLFLYSHVFYFFNLVYYDFFVSFEFIFLLSLCFLVKFPVYFLHVWLPKVHVEAPTSASMILAGVMLKLGGVGVYRISKSLNFFGIELLFFFFLISMVFCSFICMVQSDCKSLAAYSSICHMGFVLLSQVSMVYYGKSMALVMMLAHGYTSVLMFYFIGEFYHIASSRLVYYLRGYFNVSMLFCFGFCLTMISNFGFPGSISFFSEYLMLNLVSSVFFVSVFFLFVYYLVSFYYSIYIMVCFLVGSKVSYVVDSRVVICLPLVLMAYNFFWFVFVI
2	Loa loa	COX1	ADN52151.1	1.0	VFCGMTFGNVLKQSIINTVNHKTIGTYYIVLGYWAGLGGSVLSMIIRFELSSPGGYLFFGSGQVYNSVLTMHGVLMIFFVVMPILIGGFGNWMLPIMLGSPEMAFPRLNALSFWFTFVALLMVYQSFFIGGGPGSSWTFYPPLSIEGQPEMSLDVMILGLHTVGIGSLLGSINFMVTVQNMRSIAVTLDQISMFVWTSYLTSFLLLLSVPVLAGSLLFLLFDRNFNTSFYDTKKGGNPLLYQHLFWFFGHPEVYVIILPVFGIISEAVLFLTDKDRLFGQTSMTFASIWIAVLGTSVWGHHMYTAGLDIDTRTYFSAATMIIAIPSAVKVFNWLGTFFGTNQKFQPLWCWTYSFIFLFTVGGLSGIILSAASLDVVLHDTYYVVAHFHYTLSLGAVYGIFCGFCLWLPYMYGVSFDGTMMIAVFLCFFIGTNMTFFPMHFAGMQGMPRKILDYPDCYSMFQIVSSIGSVITFIGFILFNYLLVDSIFFSRYLGISFYNGHSPAYVSNVPPLPDSFVEECLNVGVHWKVLNNNTPSYSYRRVGYGYYSK	MFCGMTFGNVLKQSIINTVNHKTIGTYYIVLGYWAGLGGSVLSMIIRFELSSPGGYLFFGSGQVYNSVLTMHGVLMIFFVVMPILIGGFGNWMLPIMLGSPEMAFPRLNALSFWFTFVALLMVYQSFFIGGGPGSSWTFYPPLSIEGQPEMSLDVMILGLHTVGIGSLLGSINFMVTVQNMRSIAVTLDQISMFVWTSYLTSFLLLLSVPVLAGSLLFLLFDRNFNTSFYDTKKGGNPLLYQHLFWFFGHPEVYVIILPVFGIISEAVLFLTDKDRLFGQTSMTFASIWIAVLGTSVWGHHMYTAGLDIDTRTYFSAATMIIAIPSAVKVFNWLGTFFGTNQKFQPLWCWTYSFIFLFTVGGLSGIILSAASLDVVLHDTYYVVAHFHYTLSLGAVYGIFCGFCLWLPYMYGVSFDGTMMIAVFLCFFIGTNMTFFPMHFAGMQGMPRKILDYPDCYSMFQIVSSIGSVITFIGFILFNYLLVDSIFFSRYLGISFYNGHSPAYVSNVPPLPDSFVEECLNVGVHWKVLNNNTPSYSYRRVGYGYYSK
3	Loa loa	ND6	ADN52152.1	1.0	LFYFFYISIFFAFLFFSLSFLDWDPLKSCIMMCLGILFMSCYISLGVHIWYSYFIILLFLSGIFSLLTYFCSMSNFIFFYNYNYFYLFSFFCLFFLFCFDYDFFSVYFDFNFLSIYYDFSYYYVFWIIFILFLLLVLVSFNFGSDCFMRGL	MFYFFYISIFFAFLFFSLSFLDWDPLKSCIMMCLGILFMSCYISLGVHIWYSYFIILLFLSGIFSLLTYFCSMSNFIFFYNYNYFYLFSFFCLFFLFCFDYDFFSVYFDFNFLSIYYDFSYYYVFWIIFILFLLLVLVSFNFGSDCFMRGL
4	Loa loa	CYTB	ADN52153.1	1.0	IFNMVFNSLVFLPASFTLSYMWNFGSMLGIMLMSQIITGFFLTFYYTAGDAFSTVQYIMFEVNFGWLIRIMHSNGASMFFLFIYMHIFKGLIYGSYRLIGVWLSGVCIYFLLMGIAFTGYVLIWGQMSYWAAVVITSLMTSIPYLGKYLVWWIWGSFSVCENTLKFFYSIHFILPWSLMILIIVHLFFLHFTGSSSSLYCHGDYDKIHFFPSFWLKDSFDIIFYFFLFLFSLYFSFNLSDPMIFVESDSMASPAHVVPEWYFLFAFTILRSVPNKLFGVILMFSSVFVLVALVWPNSYFTILDNILYFFVMCFVWIFFWLTWAGHYPTDYPFNYFNLFCTLFYFCCLFFICLTNFFSFKLFS	MFNMVFNSLVFLPASFTLSYMWNFGSMLGIMLMSQIITGFFLTFYYTAGDAFSTVQYIMFEVNFGWLIRIMHSNGASMFFLFIYMHIFKGLIYGSYRLIGVWLSGVCIYFLLMGIAFTGYVLIWGQMSYWAAVVITSLMTSIPYLGKYLVWWIWGSFSVCENTLKFFYSIHFILPWSLMILIIVHLFFLHFTGSSSSLYCHGDYDKIHFFPSFWLKDSFDIIFYFFLFLFSLYFSFNLSDPMIFVESDSMASPAHVVPEWYFLFAFTILRSVPNKLFGVILMFSSVFVLVALVWPNSYFTILDNILYFFVMCFVWIFFWLTWAGHYPTDYPFNYFNLFCTLFYFCCLFFICLTNFFSFKLFS
5	Loa loa	COX3	ADN52154.1	1.0	IFLKFRKFHKMEYSYYPLMFGFGILGIDVSLALFMSMGCFFSIFICLLYIIYVSFLWLKDVMLEDVSGQYSFYDYRMFNQGFRLFLFSELALFFSIFWTYLDSSLCSLTWLGGVWSPLGILSPDYIGINGMASLFLMMNSQLLKYSRRYLCLNKFNCEVFLLICIFIGSFFLCFQFYEYNNNCFVMNDSIYGNVFYVGTGLHGSHVFVGVCFLIINLFRIKLFNFNWYHTQSYDMSIDYWRFLEWMWGIMFCLLYIWGA	MFLKFRKFHKMEYSYYPLMFGFGILGIDVSLALFMSMGCFFSIFICLLYIIYVSFLWLKDVMLEDVSGQYSFYDYRMFNQGFRLFLFSELALFFSIFWTYLDSSLCSLTWLGGVWSPLGILSPDYIGINGMASLFLMMNSQLLKYSRRYLCLNKFNCEVFLLICIFIGSFFLCFQFYEYNNNCFVMNDSIYGNVFYVGTGLHGSHVFVGVCFLIINLFRIKLFNFNWYHTQSYDMSIDYWRFLEWMWGIMFCLLYIWGA
6	Loa loa	ND4L	ADN52155.1	1.0	VFLFFFSFLFFLFKYDRLIFVLLSIEFLFFSLLVYYCFFFESLLFFYFLCFGVMSGVVGLVIFFFNVKGFGIDKVMFYF	MFLFFFSFLFFLFKYDRLIFVLLSIEFLFFSLLVYYCFFFESLLFFYFLCFGVMSGVVGLVIFFFNVKGFGIDKVMFYF
7	Loa loa	ND1	ADN52156.1	1.0	LFIFYYFGILIMIVFILQAVAFLVVLERHFLGSSQCRIGPNKVGYSGVFQALFDGLKLFKKEQVLFCFSSWISFLFMPICGFVLMVFFWFTLPYFFIFLSFEYSGIFLFCLMGVSVYFVMLSGIFSGGKYSFVGGMRSCAQSYSYEIAFSVYLLIFLLFNKGLCLSFSFCLFFLFFFSFFCLVLIDLHRAPFDFSECESELVSGFNVEYSSVGFAGLFLGEYGNLLYFSCLTSSLFFNMNFLFFYFIVCFIVFSRSAYPRFRFDMLMSMCWVVFLPFGFYIFGLSFIFFML	MFIFYYFGILIMIVFILQAVAFLVVLERHFLGSSQCRIGPNKVGYSGVFQALFDGLKLFKKEQVLFCFSSWISFLFMPICGFVLMVFFWFTLPYFFIFLSFEYSGIFLFCLMGVSVYFVMLSGIFSGGKYSFVGGMRSCAQSYSYEIAFSVYLLIFLLFNKGLCLSFSFCLFFLFFFSFFCLVLIDLHRAPFDFSECESELVSGFNVEYSSVGFAGLFLGEYGNLLYFSCLTSSLFFNMNFLFFYFIVCFIVFSRSAYPRFRFDMLMSMCWVVFLPFGFYIFGLSFIFFML
8	Loa loa	ATP6	ADN52157.1	1.0	IMLLSIVWFWLVFYLLYMELCKFNFYGFFSLFFNFLVSSFSHKGFQSSMFFKFIIFFLVGFWMCGLLFPLFSPWACVGFLFFMTNFSWLGVRTFTLAVDSFLVFFDGDHSWEWISSLVMFFSHWLSFLMSGVALTLRISIIFLIGHFLMFTILDFGIYSLFFLSFVIPIELFFAFLQSYIFLTLVCMFLLNMI	MMLLSIVWFWLVFYLLYMELCKFNFYGFFSLFFNFLVSSFSHKGFQSSMFFKFIIFFLVGFWMCGLLFPLFSPWACVGFLFFMTNFSWLGVRTFTLAVDSFLVFFDGDHSWEWISSLVMFFSHWLSFLMSGVALTLRISIIFLIGHFLMFTILDFGIYSLFFLSFVIPIELFFAFLQSYIFLTLVCMFLLNMI
9	Loa loa	COX2	ADN52158.1	1.0	IYLQNYVFPTPGSPYVFCCYFIHNYYSHVIFFGFFFMCLVMVGVYFHGSSFKFNSKRNDSRMIELMLQVLVVNFLVVMAGPGFWLIQYQGRMFRQSELTLKVIGHQWYWSYEYGDSGKLCFDSFMKSIDDLDIGDFRLFDVDNRCVLPVGTNLGIYCTSSDVIHSFAIPKCFIKMDALNGLLTKVNCNFSCSGIFYGQCSEICGANHSFMPIVLESTSLECWKGWSIGYLFS	MYLQNYVFPTPGSPYVFCCYFIHNYYSHVIFFGFFFMCLVMVGVYFHGSSFKFNSKRNDSRMIELMLQVLVVNFLVVMAGPGFWLIQYQGRMFRQSELTLKVIGHQWYWSYEYGDSGKLCFDSFMKSIDDLDIGDFRLFDVDNRCVLPVGTNLGIYCTSSDVIHSFAIPKCFIKMDALNGLLTKVNCNFSCSGIFYGQCSEICGANHSFMPIVLESTSLECWKGWSIGYLFS
10	Loa loa	ND3	ADN52159.1	1.0	LFLNLIVVFFFSFMVIFSMYLVSLFFSYKDFYFSKVSSYECGFDVVSCVHVGFNLVFFLIIFMFIVFELEVVIFVVLIYGDFFSLFSFFLFFFYIVFSFYMEWYFGKLVWFF	MFLNLIVVFFFSFMVIFSMYLVSLFFSYKDFYFSKVSSYECGFDVVSCVHVGFNLVFFLIIFMFIVFELEVVIFVVLIYGDFFSLFSFFLFFFYIVFSFYMEWYFGKLVWFF
11	Loa loa	ND5	ADN52160.1	1.0	FLLFVWYVLFFYFFLALLIILVPYGKWVYSFGYSDFFSVVVTYNFEVCLFFFVLLLVSFMVFLYGSFYMVGSSRLFYFFFFLFLFVLSMGGLILFSGSVILVLIFWDFLGVSSFFLVLYYNNVVSRSGAMSTIFTNRIGDFCIFLFFNGLILFSVGSFSYQFFSSLLVFMLVFSSFIKGGQYPFGSWLPKAMAAPTPVSCLVHSSTLVTAGVMLMDCYVFVSMSSDLLSFVFYVGFFTMFFSGFCALVEEDAKKIVALSTMSQIGFCFLAIGSGLHYLSFVHMISHSFFKSLLFMQMGYLIFINSGQQDYRGYSFFSFCAPVLVQLQIFISVICLCGLLFTSGCCSKEYFMSRFYCDSFGLFLVIFYFFGVFLTFCYCYRMVYLFRVGVSAFDYVGFSSKLFYFSCFLLVFFSVVFTFWWLVGLMPMSLAFNRVEFLVVYFYLFFVFCFLNYFFRYFLVEFKSKFFMDHYARFIYKLVPNFFYFDFAILGVNYFFFGVFRFFSFVLFSLFRGYYHFGVLMVFFFMLFFAFF	MLLFVWYVLFFYFFLALLIILVPYGKWVYSFGYSDFFSVVVTYNFEVCLFFFVLLLVSFMVFLYGSFYMVGSSRLFYFFFFLFLFVLSMGGLILFSGSVILVLIFWDFLGVSSFFLVLYYNNVVSRSGAMSTIFTNRIGDFCIFLFFNGLILFSVGSFSYQFFSSLLVFMLVFSSFIKGGQYPFGSWLPKAMAAPTPVSCLVHSSTLVTAGVMLMDCYVFVSMSSDLLSFVFYVGFFTMFFSGFCALVEEDAKKIVALSTMSQIGFCFLAIGSGLHYLSFVHMISHSFFKSLLFMQMGYLIFINSGQQDYRGYSFFSFCAPVLVQLQIFISVICLCGLLFTSGCCSKEYFMSRFYCDSFGLFLVIFYFFGVFLTFCYCYRMVYLFRVGVSAFDYVGFSSKLFYFSCFLLVFFSVVFTFWWLVGLMPMSLAFNRVEFLVVYFYLFFVFCFLNYFFRYFLVEFKSKFFMDHYARFIYKLVPNFFYFDFAILGVNYFFFGVFRFFSFVLFSLFRGYYHFGVLMVFFFMLFFAFF
